cds	no	blowhard
ddp	yes	simple
an	no	rat
an	no	horner-man
cds	no	a little stupid
ps	yes	dumbbell
cds	no	boy crazily
ddp	yes	puerile
asm	no	fuck-head
cds	no	boy-crazier
svp	no	loafer
cds	no	dodger
ddp	yes	assh*l*
cds	no	reactionarism
an	no	vulgarity
dmc	yes	villainess
dmc	yes	hypocrisies
ddp	yes	idiot
ddp	yes	besot
cds	no	procurer
asm	no	bunco
cds	no	movie villains
asm	no	phuck
cds	no	sissy
cds	no	fascisti
ddp	yes	dull
an	no	dwarf
cds	no	sexual compulsion
re	no	rape on college campuses
cds	no	scrap steel
cds	no	demagogies
qas	no	blunderer
ddp	yes	motherfather
ddp	yes	tattletale
asm	no	effs
qas	no	fluff
ddp	yes	quacksalver
or	no	pussy
dmc	yes	villain
rci	yes	the karls
cds	no	disorder
pr	no	hooking
pr	no	tender parnel
cds	no	the m o f i a
cds	no	hauteur
asf	no	va-jay-jay
asf	no	tomfool
qas	no	dissembles
dmc	yes	pharisee
ps	yes	lummox
an	no	bitch
ddp	yes	stupid people
om	no	paederast
cds	no	layabout
ddp	yes	barbarously
asf	no	vaginal canal
dmc	yes	wrongly
asf	no	baby
ps	yes	half caste
ddp	yes	not the sharpest tool in the shed
rci	yes	ceorle
or	no	demanding
svp	no	gluttonous
cds	no	man-crazier
cds	no	idiot
dmc	yes	turn-coat
cds	no	snitcher
pr	no	beyotch
dmc	yes	wretched
cds	no	wretch
is	yes	sympathetic villain
cds	no	domestic waste
re	no	villain
an	no	roguery
re	no	mafia
dmc	yes	no-account
dmc	yes	evil
ddp	yes	twat
cds	no	self-love
asf	no	folderol
qas	no	butcher
cds	no	fibster
ddp	yes	health quackery
an	no	mug
dmc	yes	seedy
ps	yes	dummy
asm	no	folly
an	no	ungenerous
ddp	yes	dumbass
re	no	date raped
qas	no	vagabond
or	no	queerio
an	no	wittold
pr	no	slatternly
an	no	profiteer
cds	no	hyperphilia
dmc	yes	stink
cds	no	satyriasis
re	no	terrorist activity
asm	no	effers
ddp	yes	idiotic
svp	no	gormandism
ddp	yes	trumpery
ddp	yes	bird brain
asm	no	half-wit
asf	no	dumbbell
cds	no	henchmen
cds	no	so-and-so
cds	no	hoaxer
an	no	jack
re	no	mafias
cds	no	rumourmonger
cds	no	troublesome youth group
svp	no	miserliness
dmc	yes	bad person
dmc	yes	lingerer
asf	no	dunderheads
an	no	goof
re	no	unruly
pr	no	son of a bitch
an	no	rentboy
ddp	yes	bastard
cds	no	scallywag
svp	no	petulant
svp	no	goldbrick
cds	no	tarradiddle
dmc	yes	nitouche
cds	no	slug
dmc	yes	closed-minded
svp	no	vainglory
pr	no	kerb-crawler
cds	no	monkey
cds	no	the m.o.f.f.i.a.
dmc	yes	cheater
an	no	prostitution of males
cds	no	gouger
cds	no	artful
an	no	commonness
dmc	yes	barbarians in western cultures
cds	no	pack
cds	no	reprobate
cds	no	highwayman
an	no	male prostitution
cds	no	charlatan
dmc	yes	prevaricator
ps	yes	dunder headed
pa	yes	barbaric
rci	yes	barberian
dmc	yes	turn-coaters
qas	no	bobble
cds	no	nerveless
qas	no	taradiddle
an	no	cow
or	no	bird brain
an	no	headless
cds	no	rude
ddp	yes	headless
cds	no	sexually impulsive
ddp	yes	juvenile
asm	no	fukkit
re	no	violent sexuality
cds	no	mischievousness
cds	no	miscreants
cds	no	bungler
asm	no	fuckwad
dmc	yes	scoundrel
ddp	yes	nonesense
cds	no	municipal composting
ps	yes	jigaboo
cds	no	cocksure
cds	no	heel
pa	yes	uncouthness
ddp	yes	arse-hole
dmc	yes	villan
cds	no	fumbler
asf	no	shithead
ps	yes	booby
asm	no	cullibility
an	no	scoundrel
re	no	r@pe
re	no	ne'er-do-wells
or	no	dunderhead
ps	yes	half-breeds
an	no	hooker
ps	yes	southern mongoloid
an	no	sluggard
an	no	fathead
cds	no	household waste
ps	yes	changelings
dmc	yes	slacked
re	no	the m. o. f. i. a.
ps	yes	nigger rich
ddp	yes	shysters
cds	no	usurious
qas	no	troublemaker
asm	no	fuking
cds	no	hypersexualists
cds	no	moneylender
cds	no	conformists
pr	no	male prostitutes
asm	no	score
dmc	yes	rube
asm	no	have it off
an	no	prostitute
cds	no	shylock
dmc	yes	crumb
om	no	opera queen
cds	no	household wastes
cds	no	blither
dmc	yes	beguiled
an	no	not the sharpest tool in the shed
dmc	yes	small-minded
cds	no	impudence
an	no	son of a bitch
cds	no	bumpkin
ddp	yes	pudding head
cds	no	thinning the herd
is	yes	evil mastermind
cds	no	slyboots
re	no	defamation
cds	no	mancrazy
cds	no	the mafia
ddp	yes	curmudgeon
qas	no	tramp
or	no	twats
cds	no	woman crazily
cds	no	wiliness
cds	no	cosanostra
pr	no	street harlot
cds	no	persecutor
svp	no	haughtiness
dmc	yes	do as i say not as i do
dmc	yes	degenerate
ddp	yes	incompetent person
cds	no	sexually compulsive
ddp	yes	doofus
cds	no	youth gangs
cds	no	weakling
cds	no	fool
cds	no	pedantic
cds	no	nerdy
qas	no	mooch
svp	no	vanagloria
svp	no	jealous
svp	no	high-handedness
dmc	yes	iniquity
an	no	brutal
ps	yes	mongolid
or	no	cunts
svp	no	bigots
dmc	yes	renegade
cds	no	m.a.f.i.a.
pr	no	comàre
ddp	yes	churls
cds	no	hyperlibido
svp	no	controversies about the word niggardly
an	no	badguy
re	no	m.o.f.i.a.
ddp	yes	blunderer
re	no	debaucher
an	no	film villain
or	no	queer
or	no	fag
ps	yes	idiocity
dmc	yes	dissimulator
ps	yes	soft touch
an	no	villain
an	no	bonehead
cds	no	garbage bank
or	no	faggot
qas	no	conformist
dmc	yes	blood
rci	yes	churls
cds	no	internet mafia
om	no	queers
cds	no	gang violence
cds	no	fanatical
svp	no	vanity
cds	no	bank of waste
cds	no	satyriac
dmc	yes	smelly
cds	no	ring
cds	no	milquetoast
cds	no	truckler
pr	no	slutting
cds	no	fabricator
om	no	fayg
dmc	yes	rake
is	yes	pitiful
asf	no	see you, auntie
dmc	yes	deceit
pr	no	slutiness
or	no	cunt
cds	no	scrapped
an	no	tub of lard
an	no	dunderhead
svp	no	slacked
cds	no	man-crazy
asm	no	putz
an	no	hoaxter
asf	no	folly
an	no	vulgarism
pr	no	sluts
ddp	yes	nincompoop
cds	no	hypersexually
om	no	shman
ddp	yes	poor fish
dmc	yes	stinker
cds	no	messalina complex
re	no	the m.o.f.i.a.
an	no	know nothing
ps	yes	eejit
dmc	yes	bad
asf	no	ostium vaginae
pr	no	kerb crawling
asf	no	puss
an	no	street prostitution
cds	no	fiend
re	no	miscreants
ddp	yes	stupefy
an	no	diddlysquat
asf	no	boob
cds	no	fib
cds	no	puke
pr	no	streetwalker
pr	no	street prostitution
re	no	terraist
cds	no	police-man
cds	no	gangs
cds	no	hypersexuals
asf	no	imbecility
ps	yes	stupidhead
asm	no	sap
cds	no	juvenile delinquent
dmc	yes	hypocrite
cds	no	fasism
an	no	masher
an	no	manwhore
cds	no	mafioso
asf	no	vaginal orifice
dmc	yes	ill-scented
asm	no	fuckier
asm	no	stupid people
ps	yes	goon
cds	no	hypersexualist
dmc	yes	ceorle
svp	no	indolent
an	no	slob
svp	no	parsimonious
svp	no	pettish
ps	yes	dunderheaded
svp	no	vaingloriousness
asm	no	fatuous
rci	yes	boor
asm	no	goldbrick
asm	no	twerp
re	no	villainous
cds	no	sexual dependent
cds	no	son of a bitch
an	no	brutality
pr	no	loose woman
asm	no	what the f***
cds	no	mother fuck
cds	no	fanatics
cds	no	dweeb
pr	no	bunk
svp	no	hot-tempered
cds	no	line-shooter
ddp	yes	sad sack
cds	no	sly
dmc	yes	dissimulatively
pr	no	the game
cds	no	penman
ps	yes	ladino
is	yes	narrow-minded
ps	yes	the n word
asf	no	not the sharpest tool in the shed
an	no	ignoramus
svp	no	trencher-knives
cds	no	wank
ps	yes	niggar
dmc	yes	counterfeit
cds	no	sexual trader
cds	no	bunghole
cds	no	compound lie
pr	no	floosie
dmc	yes	hipocracy
asm	no	*uck
an	no	parsimony
qas	no	sponge
svp	no	chesty
or	no	faggotry
an	no	goose
ps	yes	spade
dmc	yes	slacker generation
cds	no	brothel-keeper
asf	no	the "c" word
is	yes	villain
cds	no	urban solid waste
cds	no	pudding head
svp	no	bad-tempered
pr	no	the world's oldest profession
qas	no	crucify
ddp	yes	quack
cds	no	tosser
cds	no	self-importance
cds	no	bum
ddp	yes	lubber
ddp	yes	lunkhead
an	no	hoaxes
cds	no	pansy
svp	no	trencher man
an	no	niggardliness
cds	no	butcher
svp	no	conceitedness
cds	no	fascistically
an	no	tightwaddery
asf	no	c-bomb
cds	no	pimp
cds	no	sexual impulsivity
ddp	yes	tike
cds	no	shylock the covetous jew
qas	no	boor
cds	no	snoop
dmc	yes	uncivil
an	no	inexorability
om	no	homophilic
qas	no	goth
cds	no	loan sharking
re	no	boisterous
om	no	child molester
qas	no	fibster
cds	no	fashism
re	no	denigration
cds	no	not the sharpest tool in the shed
asm	no	being stupid
ps	yes	mongoloids
an	no	marauder
om	no	faggotry
asm	no	fuckin
ps	yes	idiot idiocy
cds	no	venality
om	no	rice queen
cds	no	woman craziest
an	no	fatshit
pr	no	jade
asm	no	diddle
ddp	yes	assclown
cds	no	hyper sexuality
qas	no	tike
svp	no	human vanity
dmc	yes	beguiling
cds	no	culled
an	no	patsy
cds	no	lordliness
an	no	lardass
re	no	to rape and in pregnate
svp	no	cocksure
re	no	m.a.f.i.a.
ddp	yes	credulous
ddp	yes	an idiot
an	no	doormat
or	no	loggerhead
cds	no	white lie
dmc	yes	black
cds	no	pedanthood
cds	no	pilferer
svp	no	cheapskate
dmc	yes	miscreants
dmc	yes	trickster myth
cds	no	tomfool
asf	no	idiotes
ddp	yes	taleteller
an	no	wimp
cds	no	rascal
pa	yes	politician
an	no	crybaby
ddp	yes	craziness
qas	no	bumble
svp	no	niggardness
ddp	yes	assholes
cds	no	craftiness
ps	yes	barbaric
re	no	slander
an	no	brutish
rci	yes	barbarians in western cultures
cds	no	churls
dmc	yes	fatal
svp	no	buck ofama
om	no	queer-identified
ddp	yes	stumblebum
asf	no	stupid cunt
cds	no	facism- meaning
cds	no	excessive sexual drive
pr	no	buncombe
pr	no	harlot
qas	no	barberian
dmc	yes	roguery
re	no	rogue
cds	no	boy crazier
svp	no	gormandize
ddp	yes	rat
cds	no	paraphilia-related disorder
svp	no	enraged
qas	no	dissembled
qas	no	dabbler
cds	no	wonk
pr	no	selective prostitution
ddp	yes	barbarians in western cultures
ddp	yes	retard
dmc	yes	peewee
dmc	yes	ratter
cds	no	pimpet
cds	no	vagabond
or	no	dumbass
pr	no	cocotte
ddp	yes	lower intelligence
svp	no	overbearing
ddp	yes	ahole
pr	no	jigolo
re	no	sicilian gangster
dmc	yes	bigot
asm	no	wanker
asf	no	simpleton
ps	yes	halfbreeds
cds	no	onanism
cds	no	facsism
cds	no	cocksucker
cds	no	book-louse
pa	yes	barbarically
cds	no	rogue
cds	no	mistress
or	no	homosexual
asf	no	sap
cds	no	barbarians
ps	yes	niggah
ps	yes	barbarousness
qas	no	muck up
re	no	evil mastermind
an	no	main villain
ddp	yes	adolescent
qas	no	trouble maker
asm	no	fukk
dmc	yes	disastrous
cds	no	problem
ddp	yes	ceorle
cds	no	nosy-parker
dmc	yes	turn coated
svp	no	faineant
pr	no	sons of bitches
cds	no	hyperactive sexual desire
ddp	yes	dunderheaded
cds	no	devil
ddp	yes	loggerhead
cds	no	felon
cds	no	mischievous
ddp	yes	fumbler
asm	no	fuque
an	no	craven
cds	no	chicken slaughtering
cds	no	dishonest
asm	no	fokken
cds	no	hubrus
ddp	yes	zooerasty
pa	yes	barbarians
an	no	trollop
qas	no	schmaltzy
re	no	villainess
cds	no	sexual traders
is	yes	villainesses
dmc	yes	deceiver
is	yes	bad guys
dmc	yes	shirker
ddp	yes	motherfuck
an	no	evil mastermind
cds	no	idler
re	no	wretch
asf	no	per vaginam
re	no	terrorist profile
dmc	yes	skunk
ps	yes	cooyon
or	no	pudding head
qas	no	torment
or	no	numskull
svp	no	hauteur
an	no	wish-wash
cds	no	uniform small loan law
svp	no	trencher men
asm	no	shtup
svp	no	slugabed
an	no	leech
cds	no	fascisized
cds	no	the hoi polloi
ddp	yes	absolute nonsense
dmc	yes	hound
pa	yes	peasant
dmc	yes	shammer
ps	yes	th. metzger
cds	no	shenanigan
ps	yes	fall guy
cds	no	jacking off
dmc	yes	barbarousness
ddp	yes	fuck your mother
ps	yes	half-wit
asf	no	dope
cds	no	one man's trash is another man's treasure
an	no	diddlyshit
dmc	yes	indelicate
asf	no	twat
cds	no	tricky
ddp	yes	idiot idiocy
cds	no	mammafucker
an	no	horner woman
svp	no	trencher knives
pr	no	slutte
an	no	folderol
cds	no	policeman
ddp	yes	dunderheads
cds	no	stupid person
an	no	pantomime villain
dmc	yes	rudely
dmc	yes	fuckup
ddp	yes	pure nonsense
cds	no	harasser
an	no	squat
re	no	italian mob
dmc	yes	loafer
pr	no	floozie
dmc	yes	pig
re	no	rape
cds	no	math geek
an	no	shithead
cds	no	m. o. f. f. i. a.
cds	no	behavioral signals of lying
svp	no	crapulous
dmc	yes	speciosity
an	no	cad
asm	no	booby
ddp	yes	a hole
ps	yes	birin
dmc	yes	foetor
cds	no	pretentious
pr	no	punter
an	no	penuriousness
asm	no	jerk-off
ps	yes	nigger lover
dmc	yes	guile
cds	no	cheek
an	no	chicken
pr	no	alley cat
svp	no	slacker generation
cds	no	gossip
ddp	yes	moronic
re	no	backbiter
cds	no	boor
re	no	pantomime villain
re	no	terrists
cds	no	sex trader
ddp	yes	boob
an	no	bad man
pr	no	comaré
cds	no	demagoguism
ddp	yes	brutish
ps	yes	mesticos
or	no	cunny
qas	no	barbarously
cds	no	stinker
ddp	yes	medical quackery
ddp	yes	the karls
asm	no	credulousness
an	no	bad person
asf	no	vaginal
cds	no	egotistic
dmc	yes	hypocritical
cds	no	charlatanry
is	yes	insular
dmc	yes	lowlife
an	no	folly
qas	no	mawkish
ddp	yes	idiocity
an	no	simpleton
cds	no	stinkpot
ddp	yes	a little stupid
qas	no	muff
pa	yes	boorishness
cds	no	heller
cds	no	para-fascism
svp	no	peevish
ps	yes	ruiner
is	yes	scrooge
ps	yes	barberian
cds	no	snotty
cds	no	snot-nosed
svp	no	slothful
ddp	yes	charlatane
an	no	dirty trick
is	yes	wretch
pr	no	ho bag
asm	no	go fuck yourself
pr	no	b****
dmc	yes	hypocracy
re	no	ass-raped
an	no	vagrant
ps	yes	sinoid
ddp	yes	hokum
cds	no	anti-progressive
qas	no	dun
pa	yes	goth
qas	no	tagalong
cds	no	policeofficer
ddp	yes	nonsence
pr	no	whoremongering
qas	no	dilettantish
svp	no	gourmandised
cds	no	whiner
cds	no	ragtag and bobtail
ddp	yes	quacksalvers
pr	no	slag
ps	yes	oaf
dmc	yes	cosmic joker
cds	no	street gang
qas	no	prevaricate
cds	no	compulsive sexual behaviors
is	yes	villainess
qas	no	mob
dmc	yes	tramp
an	no	male prostitutes
cds	no	dissemblers
an	no	small fry
dmc	yes	barbarous
asm	no	history of fuck
svp	no	nigard
cds	no	stupid
cds	no	moralise
cds	no	mf word
ddp	yes	fuckup
cds	no	chiseler
ps	yes	barbarians in western culture
dmc	yes	mephitis
an	no	bounder
or	no	homophobic slurs
pr	no	street prostitute
cds	no	foolish
om	no	show queen
asm	no	fuck in other languages
re	no	coersive sex
asm	no	don't be a dick
cds	no	badda bing
cds	no	neoreaction
cds	no	barbaric
svp	no	slackers
ddp	yes	stumbler
cds	no	bad man
an	no	snake in the grass
pr	no	sporting lady
cds	no	vagrant
cds	no	reactionist
asf	no	changelings
svp	no	vainglories
qas	no	pitiful
ps	yes	mark
asf	no	tripe
cds	no	rabble
an	no	bitch slap
svp	no	niggerdly
dmc	yes	slimy
an	no	zooerasty
qas	no	trash
dmc	yes	mystifyingly
cds	no	pool hustler
dmc	yes	do as i say, not as i do
cds	no	mafiosa
cds	no	swot
ddp	yes	quack medicines
dmc	yes	unscrupulous
cds	no	hyper-sexually
svp	no	esurient
ddp	yes	nonsenses
ddp	yes	stupes
is	yes	bad man
dmc	yes	blunderer
cds	no	rubbish
ddp	yes	patsy
ddp	yes	fathead
cds	no	clown
cds	no	hyper sexual
cds	no	scalawag
dmc	yes	penurious
cds	no	girlcrazily
cds	no	jerk-off
ps	yes	nigger please
cds	no	woman crazier
re	no	terrifies
svp	no	philautia
or	no	"c" word
an	no	stinginess
pr	no	slatternliness
asm	no	tool
cds	no	pillock
ddp	yes	dope
cds	no	demagogic
an	no	niggard
re	no	blackmail
cds	no	ruck
svp	no	peckish
an	no	rage
asm	no	swindle
ddp	yes	madness
dmc	yes	deceptively
is	yes	villians
cds	no	compulsive sexuality
svp	no	voracity
ddp	yes	jejune
svp	no	haughty
dmc	yes	faineant
svp	no	imperious
ddp	yes	asshole-ery
qas	no	screw up
cds	no	mf'er
dmc	yes	dissimulations
an	no	male prostitute
svp	no	avid
or	no	not the sharpest tool in the shed
cds	no	wish-wash
svp	no	crabby
asm	no	nobble
dmc	yes	birin
cds	no	savage
asm	no	twit
an	no	muttonhead
asm	no	fuckers
ddp	yes	asshat
dmc	yes	stingy
ps	yes	the mongoloids
cds	no	chawbacon
qas	no	barbarians in western cultures
dmc	yes	butcher
dmc	yes	identity deception
pr	no	meretricious
ddp	yes	sucker
cds	no	know-all
dmc	yes	hobo symbol
om	no	gays
om	no	fagot
asm	no	fatuity
dmc	yes	pseud
asf	no	nitwit
an	no	gigalo
qas	no	ragtag and bobtail
is	yes	ragamuffin
or	no	twat
asf	no	dummy
asm	no	short-change
asm	no	know
ps	yes	idiots
cds	no	literary hack
an	no	cuckold
qas	no	barbarian
pr	no	sluttish
asm	no	f-hyphen-hyphen-hyphen
cds	no	delinquent
cds	no	m. a. f. i. a.
cds	no	mediocrity
asf	no	stupidity
dmc	yes	libertines
asf	no	bird
cds	no	boastfulness
ps	yes	northern mongoloid
cds	no	junk
ps	yes	krauts
om	no	potato queen
ddp	yes	fatuous
dmc	yes	barbarians in western culture
svp	no	testy
cds	no	out-of-control sexual behaviours
dmc	yes	dallier
cds	no	rabble-rouser
cds	no	impulsive sexuality
pr	no	drugs and prostitution
dmc	yes	subterfuges
an	no	betise
om	no	poove
re	no	sicilian mobsters
is	yes	hapless
svp	no	vainglorious
cds	no	do-nothing
dmc	yes	wakdjâka
re	no	serial rapist
ddp	yes	mother fuck
cds	no	demagogueries
cds	no	compulsive sexual behavior
cds	no	pound of flesh
cds	no	satyriasistic
cds	no	blether
pr	no	sluttishness
or	no	lunkhead
re	no	mafiosa
svp	no	bigoted
cds	no	insolence
an	no	codswallop
cds	no	reject
ps	yes	mestizaje
qas	no	tyke
cds	no	slacker generation
svp	no	egotistical
cds	no	unwarranted self-importance
ddp	yes	demetrius savelio
pr	no	lady of pleasure
pr	no	floosy
cds	no	varlet
qas	no	sciolist
asf	no	paracolpium
dmc	yes	trickster god
ps	yes	idiotic
an	no	diddley
an	no	ragtag
ddp	yes	charlatanism
cds	no	mother fucka
dmc	yes	miserable
rci	yes	barbarians
om	no	chicken
cds	no	hand job
pr	no	paid sex
cds	no	procuring
cds	no	girlcrazier
cds	no	hustled
ddp	yes	clod
cds	no	superciliousness
cds	no	money-lending
cds	no	vaunter
dmc	yes	bigotry
dmc	yes	tike
re	no	raper
an	no	cunt
svp	no	devouring
svp	no	gourmands
cds	no	m o f f i a
ps	yes	churls
svp	no	presumptuous
ps	yes	idoit
cds	no	self-important
cds	no	garbage
om	no	homophile
dmc	yes	low
cds	no	mancraziness
dmc	yes	turncoat
cds	no	hyper sexualist
rci	yes	peasant
ddp	yes	twit
asm	no	shaft
an	no	obeast
svp	no	penuriousness
pr	no	hussy
svp	no	slacking
cds	no	crafty
dmc	yes	slacker
qas	no	thin the herd
svp	no	supercilious
asm	no	wank
or	no	queer-identified
cds	no	barberian
asm	no	scam
an	no	الدَّيُّوْث
cds	no	yellow
dmc	yes	wickedness
ddp	yes	telltale
cds	no	lazybones
cds	no	hoi polloi
cds	no	haystack answer
cds	no	arsehole
cds	no	mofias
qas	no	fumbler
qas	no	the karls
cds	no	buffoon
pr	no	whore
asf	no	knucklehead
an	no	believing in fake things
ddp	yes	motherfucking
ps	yes	boob
asf	no	idiot idiocy
asm	no	have a go at it
cds	no	man crazy
cds	no	criminal
cds	no	wankier
svp	no	lazy
asm	no	f**k
cds	no	problematically hypersexual
pr	no	floozy
ps	yes	barbarously
svp	no	parsimoniousness
asf	no	c word
pr	no	whore mongers
cds	no	road agent
is	yes	movie villains
cds	no	hustlingly
cds	no	waggishness
ps	yes	jerry
re	no	rumbustious
cds	no	whoremonger
ddp	yes	butcher
asm	no	rook
svp	no	vindictive
ddp	yes	stupe
ps	yes	peasant
cds	no	egoistic
dmc	yes	reek
asm	no	insensibility
dmc	yes	beguile
an	no	crumb
ddp	yes	dumb
re	no	libeler
an	no	hound
asm	no	"f" word
ddp	yes	illiterate
asm	no	simpleton
cds	no	pédant
asm	no	fuck yeah!
cds	no	el gangster
svp	no	trencher-knife
ddp	yes	the "mf" word
cds	no	the "mf" word
cds	no	sleiveen
cds	no	brothel keeper
pr	no	oldest profession
cds	no	rascality
re	no	derogatory
pr	no	sonofabitch
dmc	yes	deceits
asf	no	eejit
cds	no	simpleton
or	no	homophile movement
ddp	yes	dunce
cds	no	out-of-control sexual behavior
an	no	sonofabitch
cds	no	jewish shylock
cds	no	impulsively sexual
pr	no	john
qas	no	bollocks
cds	no	facist
ps	yes	half pikey
asf	no	cunt-splice
svp	no	otiose
svp	no	do-nothing
an	no	cuck
cds	no	pig
cds	no	slob
ps	yes	clod
ddp	yes	ashole
or	no	beanqueen
cds	no	rube
asm	no	fwck
cds	no	guile
pr	no	female prostitution
dmc	yes	scum bag
qas	no	barbaric
re	no	main villain
cds	no	sex mania
asf	no	foolishness
asf	no	idioticness
dmc	yes	evil mastermind
dmc	yes	hobos
an	no	tripe
ps	yes	undoer
an	no	tomfool
is	yes	parochial
ddp	yes	cuckoo
cds	no	swaggerer
ddp	yes	shithead
ddp	yes	gossip
cds	no	fascistic
an	no	academic hoax
ddp	yes	ragtag and bobtail
cds	no	pedants
svp	no	aboulic
cds	no	nymphomaniacs
ps	yes	barbarians
re	no	the m. a. f. f. i. a.
ddp	yes	lump
dmc	yes	bumpkin
cds	no	compulsively sexual
ddp	yes	mug
dmc	yes	turn coater
svp	no	conceit
is	yes	meanness
ps	yes	retard
an	no	cuckoo
om	no	homophilia
asf	no	codswallop
dmc	yes	poor devil
ddp	yes	dolt
dmc	yes	main villain
an	no	nanus
cds	no	fox
dmc	yes	duplicitious
cds	no	muthafucker
ps	yes	destroyer
cds	no	evil mastermind
svp	no	lordly
asf	no	the c-word
ps	yes	ni66a
dmc	yes	effrontery
re	no	raped
pa	yes	barbarousness
dmc	yes	bumbler
cds	no	shylock the jew
cds	no	mancrazier
qas	no	spoil
cds	no	compulsive sexual behaviours
ddp	yes	shit-for-brains
an	no	diddly-squat
ddp	yes	asshole
rci	yes	barbarian in western cultures
ddp	yes	bestiality
dmc	yes	dirty dog
ps	yes	galoot
qas	no	barefaced lie
asm	no	fuck a duck
an	no	tease
cds	no	porky pie
re	no	terrorist act
asm	no	fuck all
qas	no	flub
ps	yes	the n-word
cds	no	mischiefs
cds	no	gang culture
an	no	riffraff
dmc	yes	villian
dmc	yes	barbarically
svp	no	churl
cds	no	frauder
ddp	yes	twerp
cds	no	taleteller
cds	no	babble
svp	no	gormandising
ddp	yes	wish-wash
dmc	yes	malodorous
cds	no	crook
ddp	yes	dupe
cds	no	herd
cds	no	prick
svp	no	vengeful
or	no	the c-word
asm	no	dope
cds	no	hyperphilic
ddp	yes	idiots
ddp	yes	dummy
or	no	faggy
an	no	rogue
asf	no	hammerhead
ddp	yes	ditzy
re	no	act of terrorism
qas	no	soppy
an	no	storm
asf	no	wet pussy
cds	no	Ὕβρις
qas	no	barbarousness
dmc	yes	shrimp
cds	no	shrimp
cds	no	gull
an	no	bitchiness
asm	no	stupidest
an	no	b****
cds	no	criminal mischief
cds	no	out of control sexual behaviors
ddp	yes	patent nonsense
cds	no	stupe
cds	no	the m. a. f. f. i. a.
or	no	poor fish
cds	no	oily
an	no	beast
asf	no	development of changeling
cds	no	usurary
ddp	yes	jackass
qas	no	contextual lie
re	no	terroism
ddp	yes	low intelligence
ddp	yes	mother-fucker
dmc	yes	bounder
rci	yes	barbaric
ddp	yes	goon
asm	no	goofball comedy
pr	no	harpy
svp	no	irritable
svp	no	stingy
asf	no	moronism
an	no	villians
cds	no	namby-pamby
asf	no	human vagina
ddp	yes	mountebank
ddp	yes	putz
dmc	yes	calamitous
dmc	yes	traitor
an	no	rabble
cds	no	gasbag
asf	no	blockhead
om	no	ghey
or	no	homophilic
ddf	yes	unsightly
svp	no	bigget
an	no	oinker
ddp	yes	idiocy
cds	no	paraphilia related disorders
cds	no	fall guy
pr	no	sonuvabitch
ddp	yes	somewhat stupid
rci	yes	barbarousness
dmc	yes	roughshod
re	no	oral rape
cds	no	tricksy
an	no	hoax
pr	no	bitch
ps	yes	lubber
an	no	jackass
cds	no	demegogery
cds	no	nerd
pa	yes	boor
cds	no	sicilian mafia
cds	no	barbarians in western culture
asm	no	fuck up
svp	no	trenchermen
svp	no	fractious
ps	yes	churl
ddp	yes	brutal
an	no	blackguard
cds	no	scrawler
cds	no	trafficker
cds	no	junkie
asm	no	mark
cds	no	pimps and madams
cds	no	the m a f i a
cds	no	man-craziest
svp	no	gormands
cds	no	the m.a.f.f.i.a.
dmc	yes	base
cds	no	pandering
asm	no	history of the word fuck
cds	no	woman-crazy
cds	no	demanding
asm	no	fucking
pr	no	hustler
ddp	yes	bonehead
dmc	yes	dilly-dallier
svp	no	closeness
an	no	wittols
qas	no	mischief-maker
cds	no	wise guy
cds	no	scum
is	yes	parsimonious
ddp	yes	barbarous
cds	no	sicilian mobsters
cds	no	mafiosi
dmc	yes	dissimulate
asf	no	vajayjay
pr	no	fornicatress
cds	no	botcher
dmc	yes	indolent
or	no	idiot
re	no	assrape
cds	no	neandertal
an	no	sponge
cds	no	skunk
cds	no	fanatism
cds	no	pimpin'
cds	no	special officer
cds	no	mischievously
ddp	yes	pillock
cds	no	bookworm
ps	yes	niggaz
dmc	yes	urban vagrant
cds	no	villainies
svp	no	ravenousness
asf	no	idiocy
asf	no	كس
asm	no	fucknut
cds	no	do-gooder
svp	no	lounger
svp	no	disdainful
asf	no	doofus
re	no	scalawag
ps	yes	mestizo
an	no	hog
svp	no	controversies about the word "niggardly"
ddp	yes	mudda fukka
cds	no	academic
dmc	yes	city bum
ddp	yes	cooyon
or	no	exigent
cds	no	terry toon
asm	no	sleep together
re	no	raging
or	no	hammerhead
an	no	scalawag
ddp	yes	prince adam
qas	no	pitiable
cds	no	egotisms
an	no	sonuvabitch
dmc	yes	knave
cds	no	patrolman
ddp	yes	empiricism
ps	yes	savage
ps	yes	Черножопый
an	no	heavies
cds	no	demagogues
cds	no	solid waste
an	no	bestiality
or	no	putz
ddp	yes	barbarousness
asm	no	wankier
cds	no	the m.o.f.i.a.
cds	no	scamp
asm	no	human stupidity
cds	no	ne'er-do-wells
cds	no	swindler
svp	no	nettlesome
dmc	yes	scalawag
cds	no	squawker
cds	no	mother fucker
asf	no	c bomb
pr	no	trollop
re	no	m o f i a
cds	no	boycraziness
om	no	fagala
pr	no	hellcat
asm	no	defraud
cds	no	supercilious
re	no	cosa nostra
cds	no	complainer
qas	no	dilettante
cds	no	dastardliness
cds	no	demagogically
dmc	yes	fabricator
ddf	yes	dissatisfactory
ddp	yes	fleeceable
re	no	rambunctious
re	no	political terrorist
pr	no	working girl
ddp	yes	asspit
cds	no	andromania
ps	yes	idioticness
pr	no	slatterns
cds	no	effrontery
ps	yes	coo yon
svp	no	scratchy
an	no	puke
cds	no	mazafaka
dmc	yes	chiseller
asf	no	dolt
cds	no	mafiosos
ps	yes	mestico
qas	no	bathetic
cds	no	dissembles
asm	no	history of the word 'fuck'
cds	no	dependencia sexual
cds	no	nervelessly
asf	no	saphead
ps	yes	half-breed
ps	yes	coon
ps	yes	east asian race
qas	no	prevaricated
cds	no	girl craziest
cds	no	girl gangs
cds	no	pimping
cds	no	nervelessness
an	no	vamp
cds	no	residual waste
qas	no	untruth
pr	no	kerbcrawl
dmc	yes	swindler
an	no	sons of bitches
an	no	movie villains
re	no	political terror
asf	no	c-word
asm	no	shag
cds	no	tormenter
pr	no	whoring
ddp	yes	arschloch
cds	no	motor officer
cds	no	tattletale
svp	no	madness
ddp	yes	dimwit
svp	no	minginess
cds	no	cunning
ps	yes	mongloids
svp	no	trencher
cds	no	smatter
asf	no	fuckhead
re	no	mofias
is	yes	pantomime villain
re	no	the m o f i a
re	no	delinquent
dmc	yes	delinquent
rci	yes	barbarically
dmc	yes	the karls
or	no	arse king
svp	no	love of self
dmc	yes	riotous
ps	yes	dunder heads
cds	no	m.o.f.f.i.a.
cds	no	hick
cds	no	cheekiness
asm	no	saphead
pr	no	male escort
cds	no	conformist
svp	no	swollen-headed
dmc	yes	mystifiers
qas	no	culls
om	no	twinkie porn
pr	no	virtual prostitution
cds	no	roguishness
cds	no	pantomime villain
cds	no	man crazier
cds	no	prevarication
ddp	yes	artless
pr	no	manwhore
ddp	yes	ignoramus
asm	no	fall guy
cds	no	waggishly
asm	no	pecker
ps	yes	idiocies
svp	no	mope
cds	no	scammer
cds	no	hitlerist
ddp	yes	barbarian
pr	no	slutteries
asm	no	nooky
an	no	plodder
dmc	yes	lazy
asm	no	jerking off
cds	no	fascisist
dmc	yes	mystifiedly
cds	no	charlatane
dmc	yes	libertine
cds	no	salary buying
ddp	yes	hammerhead
an	no	rascal
om	no	gayest
an	no	pansy
or	no	poof
dmc	yes	hipocrit
cds	no	fuzz
asm	no	ass
an	no	loggerhead
qas	no	sciolistic
pr	no	slutpuppy
ddp	yes	plonker
cds	no	mac
qas	no	moocher
ps	yes	development of changeling
ddp	yes	mark
svp	no	gourmandizing
cds	no	self-centred
pr	no	crack ho
ps	yes	niggers
cds	no	womancrazier
is	yes	miserliness
dmc	yes	hick
cds	no	soft touch
dmc	yes	fraud
pa	yes	birin
om	no	homophobic slurs
ddp	yes	a word
cds	no	street gangs
cds	no	bird brain
asm	no	fuck yeah
dmc	yes	frauder
qas	no	thinning the herd
re	no	the m a f i a
cds	no	rotter
ps	yes	changeling
dmc	yes	despicable
dmc	yes	debauchee
dmc	yes	stinkpot
cds	no	boycraziest
an	no	stupidly
asf	no	simple
pr	no	whoor
qas	no	lie of omission
cds	no	untruth
ps	yes	uprooter
or	no	gays
qas	no	rabble
cds	no	hyper-sexuals
svp	no	penny pincher
cds	no	haughtiness
re	no	badda bing
dmc	yes	low-down
asf	no	vaginal ph
ddp	yes	codswallop
is	yes	pathetic
an	no	woman chaser
qas	no	kitschy
ddp	yes	muthafucker
cds	no	unwashed masses
cds	no	putz
cds	no	fascists
ddf	yes	unsatisfying
dmc	yes	rude people
asm	no	mock
asm	no	wankers
cds	no	evildoer
dmc	yes	bigget
ddp	yes	chatterer
svp	no	spiteful
an	no	rotter
an	no	sap
dmc	yes	dissolute
asm	no	wanky
cds	no	outlawed
cds	no	nerd girl
cds	no	lying in trade
an	no	chump
qas	no	falsehood
cds	no	derelict
cds	no	people
dmc	yes	mendacity
dmc	yes	deceitfulness
re	no	act of terror
asm	no	victimize
ps	yes	pinhead
cds	no	motherfather
cds	no	silly
cds	no	sbirro
dmc	yes	narrow minded
cds	no	storyteller
svp	no	hotheaded
cds	no	love of self
asf	no	loggerhead
dmc	yes	immoral
om	no	fag
cds	no	hyper sexually
qas	no	emergency lie
ddp	yes	betise
an	no	hornerwoman
svp	no	gourmand
asf	no	idiotism
ddp	yes	beast
ps	yes	asiaticus luridus
qas	no	bodge
cds	no	municipal solid waste
cds	no	barbarously
ddp	yes	stupidhead
cds	no	sexual dependency
ps	yes	mongoloid people
cds	no	wisenheimer
cds	no	woman-crazier
pr	no	mistress
ps	yes	livid
ddp	yes	rabble
ps	yes	boor
qas	no	tale
om	no	pansy
re	no	traducer
cds	no	lowlife
cds	no	pompousness
re	no	nonconsensual sex
cds	no	scrapping
cds	no	blather
re	no	maffia
qas	no	piteous
cds	no	panderer
ddf	yes	ugly
ddp	yes	mother fucker
dmc	yes	blackguard
cds	no	nazism
an	no	wildcat
cds	no	nymphomania
ddp	yes	dunder head
cds	no	nerd humor
cds	no	iron scrap
cds	no	nerdiness
dmc	yes	libertinism
dmc	yes	barbarian in western cultures
re	no	blitz rape
svp	no	niggerly
pa	yes	tike
cds	no	paraphilia-related disorders
cds	no	sex maniac
an	no	demetrius savelio
cds	no	talebearer
svp	no	proud
asm	no	history of the word "fuck"
dmc	yes	concealing the truth
qas	no	lying in trade
an	no	cockmonger
cds	no	police-women
asf	no	doll
dmc	yes	bum
an	no	lowlife
qas	no	fuck up
an	no	podge
om	no	pederast
asm	no	bird brain
ddp	yes	stupidety
cds	no	girl craziness
cds	no	dumb
svp	no	covetous
asf	no	vagina
cds	no	saphead
is	yes	poor
dmc	yes	subterfuge
pr	no	commercial sex workers
cds	no	slacker
an	no	cuckoldatrix
qas	no	culling selection
cds	no	jerking off
an	no	hoaxer
asm	no	stupes
cds	no	poor devil
asf	no	female's sex organ
svp	no	acquisitive
cds	no	ostentatiousness
cds	no	excessive onanism
ddp	yes	charlatanry
ddp	yes	sap
svp	no	lewd
asm	no	soft touch
pr	no	kumpangs
or	no	chump
ps	yes	mongloid
cds	no	sex-trader
cds	no	lying by omission
ddp	yes	katerfelts
asf	no	fall guy
dmc	yes	parsimonious
qas	no	miserable
pr	no	fancy woman
an	no	sympathetic villain
pr	no	cockmonger
dmc	yes	yokel
cds	no	metal waste
re	no	terrorist activities
ps	yes	pikey
cds	no	tramp
dmc	yes	hypocrites
an	no	horner-woman
cds	no	fascism as a political movement
ddp	yes	asshattery
svp	no	controversies concerning the word "niggardly"
asf	no	idiot moron imbecile
cds	no	vainglory
cds	no	codswallop
qas	no	derelict
ddp	yes	assmunch
ddp	yes	nonsents
an	no	mark
re	no	villians
an	no	pip-squeak
is	yes	narrow
ddp	yes	ignorant
cds	no	nerd culture
svp	no	gourmandized
cds	no	whoremaster
asm	no	imbecility
cds	no	moffia
asf	no	vaginas
svp	no	lazybones
cds	no	grifter
asf	no	slit
cds	no	zealotry
an	no	sissy
cds	no	blabbermouth
cds	no	overweeningly
asm	no	do
ps	yes	chernozhopyi
is	yes	cheapskate
ddf	yes	runt
cds	no	police officers
cds	no	tormentor
an	no	villainess
cds	no	banditti
re	no	anal rape
rci	yes	tike
svp	no	emptiness
an	no	ferociousness
cds	no	pedantesses
asm	no	dummy
dmc	yes	beguilements
cds	no	swelled head
pr	no	world's oldest profession
dmc	yes	fake
dmc	yes	deception
dmc	yes	tricksters
ps	yes	idiotism
re	no	cartoon villian
svp	no	gormandised
ps	yes	cretin
ps	yes	"n" word
an	no	piranha
om	no	gay
ddp	yes	non-sense
re	no	heavies
ps	yes	sucker
an	no	beyotch
an	no	scum bag
asf	no	chick
an	no	snake
asm	no	piece of tail
cds	no	hypersexuality treatment
asm	no	foolishness
cds	no	scrap merchant
ddp	yes	zany
asm	no	f-bomb
cds	no	finagler
svp	no	cross
cds	no	pomposity
ddp	yes	imbecile
asm	no	betise
cds	no	pedantes
cds	no	police men
asf	no	bonehead
an	no	rent boy
dmc	yes	goof-off
cds	no	copper
an	no	coarseness
asm	no	the f-bomb
qas	no	prevaricates
pr	no	streetwalking
pr	no	prostitution of males
or	no	fagot
re	no	m o f f i a
asm	no	sleep with
asm	no	con
cds	no	peewee
ddp	yes	ninny
cds	no	dissembled
svp	no	good-for-naught
asf	no	lout
re	no	the italian mafia
asm	no	etymology of the word "fuck"
cds	no	gang member
asm	no	bonk
an	no	savage
cds	no	scrap iron
asm	no	f***ing
an	no	dog
ddp	yes	human stupidity
cds	no	wimp
ps	yes	patsy
cds	no	groveler
dmc	yes	scruffy
om	no	gay fag
asm	no	lower intelligence
re	no	the m. a. f. i. a.
asm	no	jazz
om	no	beanqueen
qas	no	schmalzy
cds	no	girlcraziness
an	no	ragtag and bobtail
an	no	rapscallion
cds	no	parafascism
asf	no	booby
asf	no	dimwit
re	no	forced unlawful carnal knowledge
cds	no	scribbler
qas	no	pathetic
cds	no	fearful
an	no	inexorableness
svp	no	tightwad
ddp	yes	chatterbox
qas	no	bollix up
cds	no	hyper sexualities
ddp	yes	dim-witted
cds	no	sap
ps	yes	not the sharpest tool in the shed
is	yes	film villain
ddp	yes	unintelligent
cds	no	bigotry
svp	no	abulic
is	yes	closefistedness
cds	no	slugabed
asf	no	retard
re	no	sex without consent
cds	no	sex traders
cds	no	caitiff
pa	yes	churl
an	no	namby-pamby
dmc	yes	foul
cds	no	bigget
cds	no	violent gang
an	no	doodly-squat
cds	no	falsehood
cds	no	motorcycle cop
re	no	bad man
asf	no	trash
dmc	yes	fraudster
asm	no	simple
qas	no	bore
an	no	derelict
dmc	yes	funky
cds	no	sextrader
svp	no	niggardly
cds	no	bumbler
cds	no	rabble rouser
re	no	robustious
dmc	yes	so-and-so
svp	no	slackingly
asm	no	hump
asf	no	numskull
cds	no	la costa nostra
ps	yes	gawk
an	no	bum
cds	no	man crazily
svp	no	vainest
ddf	yes	midget
cds	no	motherfuckers
cds	no	out of control sexual behaviours
cds	no	pudden-head
dmc	yes	trickster
ddp	yes	idiot moron imbecile
asm	no	mocker
dmc	yes	deceitfully
an	no	fall guy
dmc	yes	treasonist
an	no	pudge
cds	no	scrap yard
asf	no	betise
qas	no	foul up
an	no	raunch
an	no	scallywag
ddp	yes	shit
asm	no	dumb people
cds	no	egoistical
cds	no	wiseacre
ps	yes	niggre
asf	no	idiocity
re	no	violent
cds	no	satyriasistically
pr	no	hoe
or	no	stupid person
cds	no	nonparaphilic hypersexuality
asm	no	f****
ps	yes	n*****
cds	no	thin the herd
an	no	coquette
an	no	stinker
re	no	maffias
ddp	yes	dickhead
cds	no	sexual dependencies
re	no	the m.a.f.i.a.
an	no	predator
cds	no	half-pint
cds	no	demagog
dmc	yes	noisome
ps	yes	barbarians in western cultures
ps	yes	half cast
cds	no	hypersexual behavior
cds	no	great unwashed
qas	no	barbarous
re	no	film villain
ddp	yes	fuckhead
cds	no	egotistical
ps	yes	nikker
qas	no	savage
dmc	yes	phony
cds	no	officer
cds	no	out-of-control sexual behaviour
pr	no	whore-mongers
pa	yes	savage
pr	no	whore-mongering
cds	no	freezer-duty
cds	no	crybaby
an	no	brainless
cds	no	chesty
cds	no	dark enlightenment
cds	no	freak
svp	no	fury
cds	no	conceitedness
cds	no	boycrazily
ddp	yes	a*****e
cds	no	vaingloriousness
cds	no	hyperphilias
cds	no	boy crazy
cds	no	taradiddle
pr	no	bitch slap
cds	no	hustling
asm	no	gyp
ps	yes	hun
an	no	street strumpet
svp	no	sluggard
or	no	faggedy
dmc	yes	turn coaters
an	no	cartoon villian
pr	no	gay hustler
ddp	yes	brainless
cds	no	culls
pr	no	bitch-slap
cds	no	gang enforcement
ddp	yes	ferociousness
asm	no	screw
dmc	yes	bindle stiff
cds	no	dodgy
cds	no	the karls
or	no	cunt-splice
an	no	rent boys
ddp	yes	quackeries
qas	no	vagrant
re	no	mofia
an	no	coward
is	yes	churl
cds	no	persnickety
cds	no	smart aleck
dmc	yes	waster
or	no	gay fag
rci	yes	barbarians in western culture
cds	no	hypersexualism
re	no	dah mob
svp	no	grouchy
qas	no	compound lie
asm	no	boob
dmc	yes	derelict
dmc	yes	botcher
an	no	bitch-slap
cds	no	devilry
dmc	yes	indecent
cds	no	muss
cds	no	dissemble
cds	no	science nerd
qas	no	prevaricating
an	no	weakling
qas	no	wretched
an	no	street prostitute
or	no	slit
ddf	yes	vile
asm	no	vaffanculo
cds	no	movie villain
an	no	simple
ddp	yes	rumormonger
re	no	violation
cds	no	slovenly person
svp	no	edacity
qas	no	ragtag
dmc	yes	fumbler
an	no	goofball
cds	no	police man
cds	no	muggins
cds	no	chicken
dmc	yes	boor
dmc	yes	fateful
qas	no	mushy
qas	no	blow
ddp	yes	bunk
dmc	yes	turncoaters
ps	yes	bird brain
qas	no	maudlin
om	no	society for individual rights
an	no	minx
cds	no	bastard
pr	no	crackwhore
ddp	yes	betrayer
cds	no	law enforcement personnel
re	no	ass rape
qas	no	prevarications
an	no	knucklehead
cds	no	buttery
ddp	yes	simpleton
qas	no	liars
cds	no	motherfucka
pr	no	commercial sex acts
an	no	gay hustler
asm	no	bang
is	yes	mean
ps	yes	boche
ddp	yes	brute
dmc	yes	cartoon villian
pr	no	sex client
cds	no	roguery
or	no	gay
asm	no	have intercourse
an	no	foolishness
cds	no	scrap
dmc	yes	mystifies
qas	no	reject
qas	no	culled
om	no	twink
dmc	yes	ne'er-do-well
dmc	yes	barbarian
cds	no	out of control sexual behaviour
an	no	hornerman
cds	no	wangler
asm	no	effer
cds	no	grind
ps	yes	doofus
cds	no	woman-crazily
ddp	yes	stupidness
asm	no	gullible
cds	no	use of fascism as an epithet
ps	yes	stumblebum
ps	yes	niggas
cds	no	italian mafia
cds	no	walloper
svp	no	short-tempered
cds	no	freshness
svp	no	despiteful
qas	no	story
an	no	bird brain
asf	no	coo yon
ddp	yes	goose
dmc	yes	rounder
cds	no	man craziest
ddp	yes	arsehole
asm	no	pinhead
cds	no	whoreson
cds	no	shylocking
cds	no	recreant
cds	no	wankiest
pa	yes	barbarians in western culture
ps	yes	chump
svp	no	envious
asf	no	cunny
svp	no	dilly-dallier
dmc	yes	dissimulative
dmc	yes	bigoted
cds	no	swinish
qas	no	sad sack
cds	no	girl-crazily
pr	no	prositution
asm	no	be intimate
is	yes	ungenerous
pr	no	w word
svp	no	slacker
svp	no	prideful
cds	no	becoming a police officer
pr	no	loitering with intent
ps	yes	simpleton
cds	no	folderol
an	no	slovenly person
cds	no	the egoist
cds	no	purchasable
cds	no	girl crazier
pa	yes	pedantic
cds	no	fanaticism
cds	no	smarmy
ddp	yes	mob
re	no	raping
ddp	yes	blabber
cds	no	procuress
cds	no	masses
ddp	yes	group stupidity
is	yes	penurious
cds	no	lying through your teeth
asf	no	mug
dmc	yes	goldbrick
qas	no	hokey
rci	yes	barbarously
cds	no	rapscallion
cds	no	kangaroo culling
re	no	terrorists and terrorism
dmc	yes	dillydallier
cds	no	girl crazily
re	no	the m o f f i a
ddp	yes	talebearer
cds	no	demagogical
asf	no	vegina
pr	no	whoremongers
ddp	yes	riffraff
dmc	yes	defrauder
ddp	yes	bungler
asm	no	gullibility
asf	no	dunderhead
re	no	terrorist crime
cds	no	katerfelts
cds	no	shot caller
cds	no	cartoon villian
asm	no	idiot
ddp	yes	childish
ddp	yes	the mf word
pr	no	guff
svp	no	ne'er-do-well
ps	yes	nigga
asf	no	va jay jay
ddp	yes	arse
dmc	yes	turncoating
pr	no	bitchiness
an	no	lamb
cds	no	gang shootings
an	no	stingy
cds	no	motherfucker
cds	no	messiness
is	yes	villainies
an	no	dirty dog
an	no	dunce
cds	no	bull
dmc	yes	turn-coater
cds	no	jocose lie
dmc	yes	profligate
cds	no	trick
an	no	fatfuck
dmc	yes	false
cds	no	snot
re	no	rascal
re	no	terrorize
ddp	yes	obtuse
pr	no	the oldest profession
dmc	yes	varlet
dmc	yes	impudently
dmc	yes	cruel
dmc	yes	bastard
asf	no	twats
cds	no	inflation
re	no	m.o.f.f.i.a.
re	no	the mafia
re	no	ravishment
dmc	yes	feign
qas	no	addle
om	no	faggy
ddp	yes	uncultivated
dmc	yes	turn coating
ddp	yes	moron
cds	no	outlaw
dmc	yes	dissimulated
ps	yes	barbarically
ps	yes	mongoloid
cds	no	loutish
cds	no	dissembler
ps	yes	mongoloids a
dmc	yes	foul-smelling
dmc	yes	turncoats
cds	no	tai ee long
cds	no	man craziness
svp	no	gourmandise
qas	no	kangaroo culling
pr	no	street prostitutes
asm	no	cullible
an	no	porker
ddp	yes	idiocies
asf	no	vaginal mucosa
dmc	yes	unethical
dmc	yes	discourtesy
cds	no	gall
dmc	yes	mendacious
ddp	yes	pinhead
or	no	muttonhead
ddp	yes	stronzo
ps	yes	idiot
an	no	cartoon villain
cds	no	ceorle
qas	no	fumble
dmc	yes	beguiles
cds	no	barbarically
ps	yes	vandal
cds	no	אגוטיזם
or	no	pidor
cds	no	bootlicker
pr	no	hogwash
cds	no	blackguard
ddp	yes	stupid
dmc	yes	hobo sign
ddp	yes	botcher
cds	no	tripe
qas	no	peasant
cds	no	lone shark
cds	no	amateurishness
ddp	yes	medical hoaxes
asf	no	wish-wash
qas	no	amateurishness
an	no	jigolo
ddp	yes	sob
cds	no	slackers
svp	no	esurience
ddp	yes	blockhead
cds	no	sympathetic villain
or	no	pudden-head
cds	no	trickster
asm	no	gull
cds	no	a pound of flesh
an	no	tramp
pa	yes	barberian
dmc	yes	sad sack
an	no	so-and-so
asm	no	frig
ddp	yes	goof
or	no	pillock
an	no	streetwalking
dmc	yes	parochial
cds	no	main villain
svp	no	misers
asm	no	tomfool
ddp	yes	numskull
ddp	yes	goofball
dmc	yes	faker
dmc	yes	movie villain
cds	no	girl-craziest
asm	no	etymology of the word fuck
pa	yes	barbarously
cds	no	overweening
cds	no	stickler
ps	yes	an idiot
an	no	pig
qas	no	louse up
asf	no	vaginal sphincter
an	no	miscreants
dmc	yes	snitcher
pa	yes	barbarian
cds	no	hustles
an	no	midget
cds	no	the italian mafia
asm	no	sucker
asf	no	muttonhead
dmc	yes	barbarously
ddp	yes	health fraud
cds	no	highjacker
cds	no	sniveller
asf	no	vaginae
asf	no	gull
asf	no	dunder heads
cds	no	gossipmonger
pr	no	adulteress
dmc	yes	speciosities
re	no	mafiosi
an	no	rubbish
pr	no	no money no honey
cds	no	highway robber
cds	no	fawner
qas	no	barbarian in western cultures
qas	no	frustrate
ddp	yes	changeling
an	no	fatass
cds	no	pedante
re	no	assraped
pr	no	ten o'clock girl
an	no	skunk
cds	no	snooty
cds	no	hyper sexualists
re	no	m. o. f. f. i. a.
pr	no	harlotry
ddp	yes	imbecility
cds	no	hijacker
dmc	yes	ungenerous
ps	yes	the "n" word
cds	no	villainesses
svp	no	crabbed
cds	no	m a f f i a
is	yes	penuriousness
or	no	rice queen
qas	no	rag
cds	no	man-crazily
cds	no	woman crazy
dmc	yes	trickster deity
ps	yes	dope
ddp	yes	unlearned
cds	no	sneak thief
qas	no	sentimental
cds	no	computer geek
ddp	yes	savagery
cds	no	municipal compost
pr	no	bunkum
om	no	arse king
an	no	male escort
pr	no	street walkers
an	no	fool
cds	no	computer nerd
cds	no	human vanity
an	no	stick-in-the-mud
dmc	yes	hypocritic
an	no	trash
asf	no	galoot
or	no	c-bomb
asm	no	not the sharpest tool in the shed
cds	no	foxiness
dmc	yes	trickster figure
an	no	floozie
qas	no	bum
cds	no	hellion
cds	no	mutterficker
cds	no	tale
cds	no	dog
cds	no	dogmatism
asf	no	cretin
cds	no	police officer
cds	no	zaptiah
cds	no	simple
ddp	yes	folly
an	no	cheapskate
cds	no	cartoon villain
asm	no	nincompoop
cds	no	prevarications
ddp	yes	gossipmonger
an	no	zooerastia
qas	no	sponger
svp	no	voraciousness
ddp	yes	muthafucka
cds	no	somewhat stupid
cds	no	blerd
cds	no	mug
dmc	yes	double bluff
dmc	yes	city tramp
cds	no	goth
ddp	yes	goth
svp	no	arrogant
ddp	yes	slow
asm	no	fukka
an	no	blue waffle
dmc	yes	beguiler
cds	no	puzzler
ps	yes	dolt
cds	no	the great unwashed
cds	no	presumptuousness
ps	yes	nitwit
cds	no	sexual dependences
an	no	parasite
cds	no	history of the mafia
ddp	yes	barbarian in western cultures
qas	no	barbarians in western culture
cds	no	dah mob
cds	no	scholastic
is	yes	pitiable
ddp	yes	barberian
asm	no	make out
dmc	yes	deciept
asf	no	idoit
cds	no	pup
or	no	simple
cds	no	pander
dmc	yes	bad guys
re	no	roguery
dmc	yes	unworthy
ddp	yes	zooerastia
cds	no	mafia
svp	no	self-important
cds	no	crust
cds	no	waggish
qas	no	bollocks up
cds	no	woman craziness
qas	no	hapless
dmc	yes	rudeness
cds	no	mutha fucka
svp	no	avaricious
re	no	history of the mafia
ddp	yes	tripe
cds	no	sob
ps	yes	indo mongoloid
dmc	yes	hypocrisy
pr	no	cow
cds	no	the m. o. f. f. i. a.
pr	no	dead hookers
dmc	yes	deserter
cds	no	lie
ddp	yes	kolotripa
ddp	yes	beastly
re	no	the m.o.f.f.i.a.
svp	no	tightwaddery
pr	no	vixen
dmc	yes	bad man
cds	no	groveller
cds	no	pædants
an	no	relentlessness
ddp	yes	quackery
asm	no	poop
ddp	yes	bestial
asm	no	cock
an	no	uneducated person
pr	no	man-whores
svp	no	skinflint
qas	no	mess up
cds	no	sexual compulsions
pr	no	woman of the street
cds	no	vainglorious
om	no	homosexual person
cds	no	pimper
cds	no	pimp daddy
dmc	yes	hayseed
ddp	yes	a'hole
cds	no	vanagloria
cds	no	sluggard
dmc	yes	git
svp	no	wiki controversies about the word "niggardly"
cds	no	tattler
an	no	fat-ass
cds	no	bigoted
svp	no	tranchier
cds	no	snoot
cds	no	hack writer
dmc	yes	narrow
cds	no	m o f i a
ddp	yes	mutterficker
or	no	pouf
cds	no	hyper sexualisms
cds	no	culling
re	no	rapists
dmc	yes	tyke
ddp	yes	rubbish
ddf	yes	disappointing
cds	no	impulsive sexualities
re	no	butt rape
dmc	yes	pseudo
ddp	yes	cretin
cds	no	bandit
om	no	poof
an	no	slowcoach
dmc	yes	churl
pr	no	prostitute
ddp	yes	nonsensal
qas	no	misfortunate
cds	no	mafia game
cds	no	arrogant
svp	no	lustful
cds	no	heavies
asf	no	oaf
cds	no	hyper-sexuality
cds	no	contemptible
ddp	yes	galoot
ddp	yes	spouter
cds	no	fanatic
dmc	yes	do-nothing
svp	no	gormand
dmc	yes	tirckster
asf	no	dunder headed
ddp	yes	unacquainted
ps	yes	half-caste
cds	no	usury
asf	no	coo-yon
re	no	ravisher
ddp	yes	poop
cds	no	oafish
cds	no	woman-craziness
cds	no	extreme right-winger
ps	yes	barbarian in western cultures
cds	no	shy lock
cds	no	crumb
asf	no	cunts
svp	no	bigotry
cds	no	maffia
asm	no	handjob
cds	no	donnish
an	no	villainies
asf	no	idiocies
cds	no	cowardices
cds	no	hitlerite
dmc	yes	sleiveen
asm	no	get laid
cds	no	falsity
ddp	yes	arse hole
cds	no	prig
pr	no	sonamabitch
cds	no	prevaricated
dmc	yes	pilferer
cds	no	brigand
asm	no	what the fuck?
or	no	blockhead
cds	no	nerd pride
cds	no	fascist
pr	no	whored
ddp	yes	ragtag
cds	no	womancraziest
ddp	yes	innocent
om	no	twink code
cds	no	motherfucking
an	no	street walker
asm	no	gullable
cds	no	paedants
cds	no	falsities
om	no	bean queen
pr	no	outside prostitution
an	no	soft touch
or	no	stupid cunt
ps	yes	japanese mestizo
cds	no	ultraconservative
ddp	yes	half-wit
cds	no	dullard
cds	no	nosey-parker
qas	no	bungler
pr	no	street walker
rci	yes	churl
dmc	yes	unpleasant-smelling
cds	no	nazi
pr	no	felony prostitution
qas	no	lie
asm	no	ninny
ddp	yes	mf word
ddp	yes	gull
cds	no	loanshark
cds	no	mark
qas	no	frenetic
an	no	penurious
dmc	yes	tramps
asf	no	dumbass
ddp	yes	gossiper
asm	no	do it
or	no	homo
cds	no	cowardlinesses
ddp	yes	knucklehead
cds	no	fibber
cds	no	fleshmongers
pr	no	mannii
an	no	idiot
cds	no	ganxta
svp	no	self-conceited
cds	no	snooper
ps	yes	mongoloids b
qas	no	haystack answer
cds	no	hyper-sexualism
dmc	yes	rudesbys
asf	no	papa chester
cds	no	bigot
asm	no	flouter
an	no	horner man
cds	no	sexual compulsivities
cds	no	prevaricating
dmc	yes	hipocrite
an	no	villainesses
svp	no	glutton
an	no	street harlot
cds	no	wanky
om	no	pidor
asf	no	vayjayjay
asm	no	fuck around
dmc	yes	impostor
cds	no	trouble
cds	no	sermonize
svp	no	rapacity
qas	no	botch
cds	no	pimped
cds	no	quidnunc
cds	no	impertinence
an	no	varlet
pr	no	whores
cds	no	newsmonger
cds	no	wheeler dealer
cds	no	puppy
pr	no	gigalo
or	no	homophile
ddp	yes	gullible
cds	no	pandered
cds	no	pharisee
asf	no	skirt
cds	no	flesh-monger
an	no	sponger
asm	no	dafuq
cds	no	corruptible
dmc	yes	rude
re	no	terrorists and terrorisim
dmc	yes	badguy
an	no	george ruggle
cds	no	fleshmonger
pr	no	prostitutes
cds	no	lie of omission
cds	no	foxy
dmc	yes	mislead
ddp	yes	idiotes
ddp	yes	idoit
om	no	that's gay.
cds	no	computer nerds
re	no	badguy
cds	no	moobster
or	no	show queen
pr	no	sluttiness
asm	no	f%e2%80%93%e2%80%93%e2%80%93
cds	no	strumpeteer
rci	yes	savage
re	no	mafioso
ddp	yes	george ruggle
om	no	queerio
cds	no	satyriases
cds	no	uppish
re	no	date rape
is	yes	tragic villain
cds	no	asshole
ddp	yes	dim
dmc	yes	hoboism
cds	no	wanker
asm	no	the "f" bomb
re	no	terrorising
pr	no	queans
cds	no	flesh-mongers
dmc	yes	rudesby
cds	no	schoolmarm
an	no	brute
cds	no	sucker
ddp	yes	medical hoax
re	no	the m. o. f. f. i. a.
cds	no	gang crime
cds	no	patsy
re	no	non-consensual sex
dmc	yes	loiterer
cds	no	rat
cds	no	yokel
cds	no	prevaricates
cds	no	loafer
re	no	calumny
cds	no	addict
cds	no	duffer
pr	no	slutty
cds	no	vainest
asf	no	cunt
pr	no	kerbcrawling
cds	no	akranis
svp	no	layabout
asf	no	neden
asm	no	get it on
an	no	squirt
cds	no	tike
dmc	yes	dishonourable
svp	no	grasping
svp	no	vacuity
cds	no	soapy
ddp	yes	charlantry
cds	no	boy craziness
is	yes	poor devil
an	no	vamper
cds	no	superciliously
re	no	assault
ps	yes	lump
cds	no	money lender
an	no	salad dodger
re	no	sleep rape
ddp	yes	muttonhead
dmc	yes	debauched
asm	no	scoffer
cds	no	dickhead
qas	no	troubler
re	no	date-rape
an	no	shit
ps	yes	halfcast
or	no	bonehead
re	no	mafiosos
dmc	yes	grifter
asf	no	wench
pr	no	bawds
asm	no	gullability
dmc	yes	turn-coats
ddp	yes	ass-hole
qas	no	fib
dmc	yes	turn coats
ddp	yes	lummox
re	no	la costa nostra
asm	no	jeerer
ps	yes	fool
cds	no	sloven
an	no	putz
qas	no	parasite
cds	no	doormat
dmc	yes	mystified
cds	no	gossiper
is	yes	main villain
dmc	yes	scummy
dmc	yes	deceitful
dmc	yes	deciet
asf	no	babe
ddp	yes	incapable
asf	no	bird brain
cds	no	bragger
pr	no	sexual services
ddp	yes	stupidly
cds	no	hyper-sexual
re	no	forced sex
pr	no	whore-monger
asf	no	chump
an	no	hustler
svp	no	laziness
cds	no	hypersexual
dmc	yes	stinking
an	no	street prostitutes
ddp	yes	cocksucker
ps	yes	darkey
cds	no	mancrazily
cds	no	moralize
an	no	knave
qas	no	riffraff
ddp	yes	goofball comedy
an	no	street girl
cds	no	barbarousness
dmc	yes	goth
ps	yes	mestizos
is	yes	niggard
cds	no	fascism
dmc	yes	misrepresentation
cds	no	mess
re	no	terrorism in asia
cds	no	out of control sexual behavior
ps	yes	nigra
ddp	yes	stupider
asm	no	jacking off
is	yes	niggardliness
asm	no	fuckingly
cds	no	mofia
cds	no	muscleman
ddp	yes	quack doctor
is	yes	badguy
pr	no	cumbag
ps	yes	niga
is	yes	stinginess
asf	no	vadge
cds	no	fuckup
ddf	yes	peewee
ddp	yes	stupidity
svp	no	gormandise
asm	no	tosser
or	no	fool
qas	no	lying by omission
dmc	yes	savage
asm	no	wtf
svp	no	grumpy
cds	no	nut
dmc	yes	degraded
cds	no	mass
asm	no	stupidety
an	no	incompetent person
cds	no	tricker
qas	no	phrenetic
ddf	yes	shrimp
pr	no	horcwenan
cds	no	moffias
cds	no	outlawry
ddp	yes	tomfool
pr	no	kept woman
svp	no	intolerance
cds	no	philautia
cds	no	properties of msw
or	no	snatch
svp	no	grabby
cds	no	nerd wave
cds	no	pride
svp	no	gourmandize
ddp	yes	nitwit
or	no	queen
cds	no	womancraziness
cds	no	fascist regime
cds	no	home credit
dmc	yes	tragic villain
cds	no	mischief-making
dmc	yes	filthy
dmc	yes	hoboman
cds	no	git
asf	no	half-wit
cds	no	municiple waste
dmc	yes	vicious
dmc	yes	fast
an	no	wolf
ps	yes	idiotes
pr	no	male prostitute
ddp	yes	eejit
dmc	yes	stinky
ddp	yes	pseudo-medicine
cds	no	highwaymen
ps	yes	idiocy
cds	no	impulsive sex
cds	no	greenhorn
cds	no	pro-fascist
asm	no	screwing
om	no	faggoty
re	no	crimson
cds	no	hyper sexualism
qas	no	freeloader
cds	no	selfishness
pr	no	comare
cds	no	cosa nostra
ps	yes	dimwit
rci	yes	birin
dmc	yes	villainies
cds	no	hyperphiliacs
asm	no	mulct
cds	no	cop
an	no	prickteaser
cds	no	gangmembers
cds	no	m.o.f.i.a.
qas	no	frantic
an	no	penny pincher
pa	yes	the karls
qas	no	behavioral signals of lying
qas	no	dissemblers
dmc	yes	work-shy
asm	no	effingly
cds	no	pool hustling
dmc	yes	slugabed
pr	no	cyprian
an	no	imbecility
dmc	yes	half-pint
dmc	yes	idler
re	no	italian mafia
qas	no	hanger-on
an	no	dolt
dmc	yes	narrow-minded
ddp	yes	folderol
dmc	yes	movie villains
ddp	yes	barbarians
qas	no	white lie
asf	no	fool
pr	no	rentboy
pr	no	hookers
ddp	yes	savage
asm	no	f***
cds	no	tragic villain
cds	no	gang leader
cds	no	egotism
cds	no	self-centered
cds	no	grumbler
ps	yes	moron
svp	no	absurdity
dmc	yes	rude behavior
dmc	yes	storyteller
dmc	yes	mystificational
cds	no	egotists
cds	no	man-craziness
ddp	yes	muggins
cds	no	hyper-sexualisms
ps	yes	japanese-mestizo
pr	no	strumpets
qas	no	drippy
cds	no	uncivil
cds	no	nerd canon
asf	no	vaginal diseases
an	no	cuckolds
or	no	that's gay.
an	no	chubster
om	no	queer
cds	no	demogogue
asm	no	fatuously
dmc	yes	stumbler
cds	no	splashiness
or	no	dunce
ps	yes	half breeds
dmc	yes	hog
dmc	yes	mystify
om	no	fairy
re	no	serial rape
cds	no	bounder
an	no	slug
an	no	costiveness
cds	no	mothafucka
cds	no	maffias
cds	no	imp
dmc	yes	runt
cds	no	sinner
cds	no	scoundrel
cds	no	shirker
cds	no	vainglories
is	yes	miser
dmc	yes	otiose
cds	no	sad sack
om	no	twink pornography
cds	no	highway-robber
re	no	robber
dmc	yes	roue
or	no	c bomb
ddp	yes	blabbermouth
cds	no	demagoggery
cds	no	the gang
dmc	yes	nasty
asm	no	fbomb
qas	no	tarradiddle
asm	no	f bomb
svp	no	parsimony
or	no	faggoty
an	no	heel
ddp	yes	healthcare fraud
ddp	yes	th. metzger
svp	no	tightness
cds	no	problematic hypersexuality
ddp	yes	peasant
ps	yes	simple
ps	yes	waster
cds	no	looker-on
cds	no	egocentric
an	no	git
cds	no	rookie
dmc	yes	the trickster
cds	no	criminal underclass
ps	yes	mug
an	no	whore
an	no	villainous
an	no	male hustler
asm	no	love
dmc	yes	recreant
re	no	internet mafia
svp	no	cranky
pr	no	gende
ps	yes	n****r
dmc	yes	second-rater
asf	no	cave of mystery
cds	no	policewoman
cds	no	ah long
cds	no	liars
ddp	yes	bunghole
pr	no	whore monger
ddp	yes	ass hole
ps	yes	lout
asf	no	applesauce
dmc	yes	phoney
om	no	twinkie
svp	no	trencher knife
qas	no	falsities
cds	no	deviltry
an	no	skirt chaser
dmc	yes	rogue
cds	no	neo-reactionary
svp	no	futility
cds	no	the m. o. f. i. a.
cds	no	bigots
dmc	yes	yahoo
cds	no	onlooker
an	no	sloven
ddp	yes	green
asf	no	pinhead
ddp	yes	mazafaka
asf	no	lunkhead
dmc	yes	impudent
re	no	varlet
asm	no	fucked
ddf	yes	worthless
qas	no	botch up
svp	no	goof-off
an	no	green hat
cds	no	moneylending
om	no	homo
dmc	yes	pseudo-
dmc	yes	pretender
qas	no	barbarically
cds	no	high-handedness
asm	no	have it away
or	no	puss
cds	no	multitude
cds	no	rumormonger
cds	no	bribable
re	no	red
ddp	yes	birin
svp	no	self love
cds	no	villan
ps	yes	mongoloids c
re	no	villian
ddp	yes	oaf
asm	no	eff
dmc	yes	fell
cds	no	devilment
re	no	juvenile delinquent
svp	no	quick-tempered
cds	no	scrap metals
cds	no	junky
pr	no	slut
dmc	yes	gouger
re	no	terroriᶘm
cds	no	moaner
cds	no	policemen
dmc	yes	rip
ddp	yes	nonsensically
cds	no	boy-craziest
asf	no	idiots
svp	no	no-account
re	no	contact rapist
an	no	vagabond
svp	no	meanness
asm	no	muggins
dmc	yes	mystifier
re	no	mafia game
an	no	butterball
ddp	yes	wildcat
qas	no	mishandle
cds	no	barefaced lie
an	no	diddly-shit
pa	yes	churls
asf	no	sucker
ddp	yes	mutha fucka
dmc	yes	turn-coating
svp	no	belligerent
qas	no	bad hat
svp	no	pride
cds	no	contextual lie
asf	no	imbecile
cds	no	barbarians in western cultures
dmc	yes	falsified
dmc	yes	fetor
is	yes	villian
re	no	terrorism and war
an	no	villian
dmc	yes	apostate
re	no	forcible rape
svp	no	gormandises
cds	no	dirty dog
asf	no	mark
cds	no	the m o f f i a
dmc	yes	nefarious
dmc	yes	film villain
qas	no	butler lie
qas	no	frenzied
dmc	yes	bogus
an	no	fuckhead
dmc	yes	sympathetic villain
asf	no	the t-word
asm	no	fucc
pr	no	rent boys
pr	no	strumpet
an	no	blockhead
re	no	terrorists
asf	no	patsy
asm	no	dim-witted
or	no	homosexual person
dmc	yes	dissimulating
cds	no	authoritarian cultist
cds	no	nympho
asm	no	ditzy
cds	no	pimps
cds	no	mountebank
ddp	yes	stupidest
qas	no	falsity
asm	no	fatuousness
an	no	numskull
cds	no	slackingly
qas	no	dissemble
cds	no	mussiness
an	no	fakes
svp	no	superbia
svp	no	wanton
dmc	yes	malodour
qas	no	poor
pr	no	mongering
re	no	castellammarse war
cds	no	sermonise
re	no	the m.a.f.f.i.a.
cds	no	criticism of fascism
ddp	yes	motherfucka
ps	yes	tyke
ps	yes	yellow people
ps	yes	reclaiming of nigger in african american vernacular english
cds	no	👮
cds	no	political reaction
ddp	yes	squealer
pa	yes	academic
an	no	misers
cds	no	hitlerism
ps	yes	tike
ps	yes	barbarous
asm	no	fuck in different languages
asf	no	"c" word
an	no	trumpery
cds	no	freezer duty
asf	no	moronic
dmc	yes	trafficker
cds	no	boy-craziness
rci	yes	barbarous
cds	no	fast one
or	no	the t-word
ps	yes	krauthead
qas	no	culling
re	no	cartoon villain
dmc	yes	slicker
ddp	yes	saphead
an	no	floozy
cds	no	womancrazily
cds	no	cowardliness
re	no	aspersion
re	no	maligner
asm	no	twirp
cds	no	arrogance
dmc	yes	hypocrit
re	no	moffias
cds	no	fancy man
cds	no	rook
re	no	rapscallion
an	no	fatty
om	no	faggot
cds	no	defrauder
cds	no	self love
cds	no	boy craziest
cds	no	whopper
cds	no	hubris
dmc	yes	wastrel
dmc	yes	slothful
asf	no	c***
cds	no	compulsive sexualities
cds	no	sexually dependent
or	no	homophilia
ps	yes	imbecile
cds	no	paraphiliarelated disorders
cds	no	rout
re	no	terrorist boss
dmc	yes	dissimulates
cds	no	snob
cds	no	fraudster
pr	no	commercial sex
cds	no	charlantry
cds	no	villians
ddp	yes	trash
cds	no	charlitain
pr	no	sluttishnesses
ddp	yes	barbaric
dmc	yes	mope
cds	no	presumption
cds	no	scribe
an	no	fattie
re	no	the moffia
re	no	blackmailing
cds	no	cop(police)
dmc	yes	speciousity
svp	no	shirker
an	no	incompetent
dmc	yes	vagrant
dmc	yes	myopic
ddp	yes	pseudomedicine
cds	no	emergency lie
qas	no	cadger
is	yes	mendicant
re	no	corporate terrorism
dmc	yes	good-for-naught
pr	no	female sex workers
cds	no	slyness
cds	no	the maffia
is	yes	costiveness
cds	no	culling selection
cds	no	castellammarse war
cds	no	hustler
is	yes	piteous
cds	no	arse
om	no	faggedy
or	no	the "c" word
cds	no	dolt
ddp	yes	insensibility
dmc	yes	juvenile delinquent
ddp	yes	coo yon
or	no	society for individual rights
pr	no	prostitution ring
svp	no	revengeful
cds	no	girl-crazier
dmc	yes	close-minded
qas	no	jocose lie
asf	no	trumpery
re	no	terrorist lord
qas	no	barbarians
cds	no	loan-sharking
cds	no	blunderer
dmc	yes	deceiving
cds	no	m a f i a
asm	no	what the fuck
dmc	yes	insular
pr	no	sex clients
cds	no	birin
cds	no	guileful
cds	no	mystifier
cds	no	overbearing pride
qas	no	puddle
re	no	scoundrel
an	no	closefistedness
asf	no	dame
cds	no	second-rater
cds	no	pedantess
pr	no	tart
qas	no	cull
cds	no	wankers
pr	no	sluttery
asf	no	vaginal cuff
re	no	political terrorism
ddp	yes	uneducated person
dmc	yes	turncoater
or	no	potato queen
asm	no	fuckin'
re	no	cosanostra
dmc	yes	immorality
dmc	yes	dissipated
cds	no	scum bag
re	no	famous terrorists
an	no	chunker
svp	no	niggarly
cds	no	municipal waste
ddp	yes	prick
dmc	yes	misleading
cds	no	fasist
ddf	yes	half-pint
cds	no	police women
dmc	yes	indecorous
asf	no	soft touch
ddp	yes	boor
ps	yes	mongoloid race
an	no	sucker
an	no	vulture
ps	yes	dunderheads
cds	no	manic-depressive hypersexuality
cds	no	paraphiliarelated disorder
asf	no	dunder head
cds	no	knave
an	no	bozo
asm	no	unintelligence
cds	no	sexual compulsive
is	yes	parsimony
is	yes	tightwad
cds	no	busybody
an	no	netorare
cds	no	slacked
cds	no	fascistical
dmc	yes	imposter
ddp	yes	stupid person
or	no	dolt
ps	yes	moronic
svp	no	conceited
an	no	ramp
ddp	yes	foolishness
dmc	yes	abject
dmc	yes	dissimulators
dmc	yes	hypocricy
cds	no	meddler
cds	no	sex-traders
svp	no	boastfulness
ddp	yes	witless
cds	no	pandar
an	no	doltishly
cds	no	besserwisser
dmc	yes	barbarians
ps	yes	the karls
an	no	wittolds
ps	yes	mestiso
cds	no	fuck your mother
asm	no	fuck!
ddp	yes	dense
re	no	m. a. f. i. a.
cds	no	mother-fucker
dmc	yes	contemptible
qas	no	whopper
cds	no	womancrazy
svp	no	greedy
re	no	ideological crime
cds	no	yahoo
dmc	yes	robber
cds	no	loansharking
ddp	yes	nonsensicality
dmc	yes	barbaric
ddp	yes	silly
qas	no	churls
ddp	yes	moronism
dmc	yes	pantomime villain
dmc	yes	role player
an	no	applesauce
cds	no	shit
asf	no	idiotic
ddp	yes	dumbbell
asm	no	dimwit
asm	no	mug
ddp	yes	bozo
re	no	rapere
re	no	sympathetic villain
ddp	yes	fatuity
ps	yes	gull
an	no	savagery
cds	no	gangsterism
asm	no	prick
svp	no	aggressive
cds	no	barbarian in western cultures
asm	no	hand job
dmc	yes	hobo code
svp	no	lordliness
ddf	yes	wretched
cds	no	story
an	no	meanness
pr	no	meretriciously
an	no	movie villain
re	no	hot
or	no	stupid
or	no	stupe
cds	no	telltale
dmc	yes	stench
or	no	fairy
cds	no	italian mob
asm	no	fuck
dmc	yes	liar
cds	no	neoreactionary
cds	no	hound
an	no	ne'er-do-wells
ps	yes	mixed origin
re	no	slanderer
svp	no	niggard
dmc	yes	lounger
cds	no	mischief
an	no	wuss
rci	yes	tyke
asm	no	low intelligence
dmc	yes	hidebound
an	no	man-whores
re	no	knave
qas	no	leech
cds	no	fulsome
is	yes	miscreants
or	no	fayg
svp	no	gormandized
cds	no	weisenheimer
re	no	attempt to commit rape
cds	no	usuary
pr	no	male prostitution
cds	no	excessive masturbation
cds	no	wily
svp	no	gourmandising
svp	no	arrogance
dmc	yes	malodourous
dmc	yes	speciously
cds	no	hyper-sexualists
qas	no	dissembler
ddp	yes	medicaster
asf	no	idiot
ddp	yes	victim
pr	no	persons involved in the sex trade
cds	no	chiseller
svp	no	swaggering
ps	yes	kraut
qas	no	porky pie
an	no	slowpoke
asf	no	pussies
cds	no	knavish
asm	no	fuc*
or	no	c-word
dmc	yes	iniquitous
dmc	yes	churls
cds	no	schoolmistress
cds	no	chicken shit
dmc	yes	chawbacon
or	no	gayest
asm	no	effed
is	yes	tightwaddery
cds	no	gang warfare
cds	no	slick
cds	no	ostentation
cds	no	boorish
re	no	blackmails
ps	yes	idiot moron imbecile
an	no	parsimonious
cds	no	henchman
dmc	yes	turn-coated
svp	no	pretentious
cds	no	casanova complex
dmc	yes	vile
ps	yes	barbarian
ps	yes	niggiz
cds	no	stuck-up
dmc	yes	villainesses
is	yes	villan
dmc	yes	narrow of mind
asm	no	fooled
dmc	yes	ugly
svp	no	irascible
cds	no	satyriacs
re	no	sicilian mafia
cds	no	villain
cds	no	girlcraziest
re	no	organized terrorist group
asf	no	vaginal cavity
cds	no	nonparaphilic hypersexual behavior
re	no	rapist
an	no	dumbass
cds	no	procurers
is	yes	scoundrel
ps	yes	quarter-caste
cds	no	messalina complexes
asm	no	bed
svp	no	choleric
an	no	jilt
dmc	yes	villians
cds	no	flesh mongers
dmc	yes	mystifying
asm	no	dick
or	no	dullard
an	no	stupidity
ddp	yes	unlettered
cds	no	malefactor
an	no	prince adam
cds	no	hypersexualisms
om	no	homosexual
cds	no	money-lender
cds	no	unctuous
cds	no	tyke
svp	no	ungenerous
an	no	harlot
or	no	shithead
qas	no	bungle
cds	no	poltroon
qas	no	walloper
cds	no	flesh monger
cds	no	loan shark
re	no	rapes
pr	no	slovenly woman
svp	no	swollen
re	no	villainesses
ddp	yes	medical fraud
asm	no	peter
ddp	yes	ignorance
an	no	bestial
an	no	cuckolding
is	yes	villainous
an	no	strumpet
cds	no	pedantries
dmc	yes	rapscallion
pr	no	illicit relationship
dmc	yes	hypocrasy
ddf	yes	nanus
svp	no	sniffy
asm	no	piece of ass
ddp	yes	soft touch
is	yes	misers
ddp	yes	twaddler
cds	no	robber
dmc	yes	ill-smelling
an	no	internet hoax
om	no	handicapped person
pr	no	lot lizard
ddp	yes	barbarians in western culture
svp	no	egotistic
svp	no	moneygrubbing
asm	no	make love
asf	no	moron
ddp	yes	dunderhead
cds	no	henchwoman
dmc	yes	untrue
cds	no	film villain
cds	no	political regressivism
dmc	yes	heavies
cds	no	sicilian gangster
cds	no	boaster
pr	no	harlots
re	no	terrorism
asm	no	etymology of fuck
ddp	yes	retarded
pr	no	kerb crawlers
cds	no	pimpin' mac daddy
cds	no	motherfuck
ddf	yes	unworthy
dmc	yes	heinous
ddp	yes	idioticness
cds	no	usura
cds	no	officious
pr	no	turning tricks
asm	no	wankily
re	no	tearing
cds	no	pedanticism
svp	no	trencherman
or	no	fagala
asm	no	chump
an	no	flirt
asm	no	roll in the hay
re	no	movie villain
dmc	yes	rascal
svp	no	ill-tempered
cds	no	peasant
pr	no	street hooker
cds	no	furor uterinus
cds	no	hyper sexuals
dmc	yes	heel
pr	no	whoredom
cds	no	venal
an	no	man whore
ddp	yes	doltish
dmc	yes	dishonorable
cds	no	facism
cds	no	wuss
dmc	yes	scallywag
cds	no	operator
cds	no	practical joker
or	no	nance
cds	no	chump
dmc	yes	barberian
ddp	yes	gawk
svp	no	miser
dmc	yes	deceive
or	no	poove
qas	no	insane
cds	no	barbarian
ddp	yes	bumbler
ddf	yes	dwarf
svp	no	amour propre
re	no	terrorist leader
an	no	lardo
cds	no	cowardly
an	no	tragic villain
ddp	yes	mother fucka
ps	yes	darkie
an	no	cuckold fetishism
qas	no	ceorle
or	no	fuckhead
cds	no	preachify
re	no	defamer
qas	no	stumbler
or	no	pansy
cds	no	police-woman
an	no	villan
an	no	mob
asm	no	stupidly
pr	no	sluttishly
cds	no	usurer
re	no	m. o. f. i. a.
svp	no	resentful
asm	no	effing
re	no	r v lawrence and pomroy
re	no	blackmailed
ddp	yes	brutality
ps	yes	halfbreed
cds	no	excessive sexual drives
pr	no	street strumpet
cds	no	lucrum cessans
cds	no	hack
cds	no	the m.a.f.i.a.
an	no	miserliness
svp	no	gourmandizer
cds	no	paraphilia related disorder
svp	no	gormandizes
pr	no	crack whore
svp	no	niggardliness
cds	no	nymphomaniac
asf	no	stupidhead
cds	no	egoism
dmc	yes	impolite
an	no	miser
dmc	yes	cad
cds	no	craven
svp	no	gourmandizes
pr	no	hooker
or	no	see you, auntie
rci	yes	barbarian
qas	no	churl
cds	no	muscle
svp	no	closefistedness
dmc	yes	scurvy
cds	no	gang
svp	no	prehensile
is	yes	misfortunate
dmc	yes	foetid
asm	no	gip
pa	yes	barbarous
dmc	yes	sneak thief
cds	no	loverboy
cds	no	madams
dmc	yes	layabout
qas	no	dauber
pa	yes	donnish
cds	no	villian
asm	no	lie with
pr	no	male hustler
an	no	scum
ddp	yes	development of changeling
cds	no	barbarous
cds	no	representations of highwaymen in popular culture
cds	no	amour propre
an	no	lunkhead
re	no	terrist
ddp	yes	motherfuckers
qas	no	dilettanteish
ddp	yes	fatuously
cds	no	outlawing
ddp	yes	churl
om	no	pouf
svp	no	rapaciousness
an	no	slattern
ddp	yes	motherfucker
qas	no	muddle
asm	no	f*ck
ddp	yes	booby
an	no	grossness
cds	no	vanity
ddp	yes	wolf
cds	no	neanderthal
dmc	yes	cheat
pr	no	prostitude
cds	no	hayseed
asm	no	group stupidity
cds	no	mafias
an	no	skinflint
asm	no	fool
svp	no	good-for-nothing
ddp	yes	rumourmonger
cds	no	fascsim
cds	no	cad
dmc	yes	hiding the truth
cds	no	hybris
an	no	fatso
asm	no	hornswoggle
svp	no	work-shy
cds	no	hyper-sexualist
dmc	yes	slackers
cds	no	villainous
ddp	yes	idiotism
cds	no	timeserver
asf	no	muggins
ddp	yes	meaninglessness
cds	no	reactionaries
asm	no	fuck-up
or	no	simpleton
svp	no	tetchy
dmc	yes	trifler
svp	no	bum
pr	no	rot
an	no	diddly
cds	no	sexual dependents
ddp	yes	subnormal
dmc	yes	fibber
dmc	yes	malodor
ddp	yes	shit hole
dmc	yes	dissembler
pr	no	rent boy
cds	no	assumption
ddp	yes	tyke
om	no	namby-pamby
cds	no	pedanticalness
asf	no	quim
ddp	yes	prater
asm	no	nitwit
ps	yes	half-cast
cds	no	the mf word
cds	no	trumpery
cds	no	cull
pr	no	whore mongering
ddp	yes	fall guy
is	yes	heavies
cds	no	waste
an	no	bad guys
asf	no	snatch
cds	no	money lending
asf	no	cooyon
cds	no	problematic hypersexualities
is	yes	wretched
svp	no	stinginess
om	no	league for civil education
ps	yes	goth
cds	no	pædant
cds	no	nerd subculture
cds	no	stumbler
ddp	yes	whoreson
qas	no	patent untruth
svp	no	self-love
dmc	yes	speciousnesses
ddp	yes	fatuousness
svp	no	rage
cds	no	know it all
cds	no	bellyacher
dmc	yes	rakehell
ddp	yes	quack medicine
ddp	yes	stupidities
is	yes	penny pincher
ddp	yes	incompetent
dmc	yes	cartoon villain
cds	no	coward
re	no	scallywag
asf	no	putz
ddf	yes	flea-ridden
an	no	twat
asf	no	an idiot
ddp	yes	foolish
ddp	yes	viciousness
dmc	yes	hippocrite
cds	no	bad guys
qas	no	lying through your teeth
cds	no	villainess
svp	no	gourmandism
dmc	yes	bigots
cds	no	know-it-all
svp	no	scoffer
ddp	yes	assmole
cds	no	hyper-sexualities
re	no	tragic villain
ddp	yes	nonsense
cds	no	prevaricate
cds	no	puzzle
is	yes	skinflint
is	yes	beggar
is	yes	cartoon villain
ddp	yes	uncultured
pr	no	slutz
cds	no	applesauce
cds	no	riffraff
re	no	the maffia
ddp	yes	voodoo medicine
dmc	yes	ne'er-do-wells
dmc	yes	sham
cds	no	mischty
cds	no	pédants
or	no	c word
ddp	yes	pudden-head
dmc	yes	good-for-nothing
dmc	yes	deceives
is	yes	cartoon villian
cds	no	handjob
dmc	yes	villainous
cds	no	the m. a. f. i. a.
an	no	viciousness
asm	no	patsy
dmc	yes	hobo
dmc	yes	trickster hero
ddp	yes	dullard
is	yes	tatterdemalion
asf	no	pussy
asf	no	rubbish
dmc	yes	worthless
cds	no	marplot
cds	no	municipal waste stream
pr	no	w-h-word
pa	yes	tyke
svp	no	idler
cds	no	trash
re	no	m a f f i a
cds	no	windbag
svp	no	libidinous
dmc	yes	bandit
an	no	streetwalker
ddp	yes	nonsensical
cds	no	hypersexuality
dmc	yes	dog
asm	no	have sex
cds	no	mudda fukka
dmc	yes	rat
dmc	yes	slacking
ddp	yes	mammafucker
cds	no	cut-up
ddp	yes	chump
an	no	hammerhead
dmc	yes	dissimulation
cds	no	girl-craziness
svp	no	dallier
dmc	yes	fetid
qas	no	soupy
re	no	vilifier
svp	no	slug
qas	no	fuckup
cds	no	political regressive
cds	no	charlatanism
asf	no	vaginal opening
cds	no	the m a f f i a
ddp	yes	informer
svp	no	indolence
dmc	yes	imitative
cds	no	schoolma'am
an	no	mean
om	no	queen
or	no	queers
cds	no	mancraziest
qas	no	ball up
or	no	bean queen
pa	yes	ceorle
cds	no	paedant
ddp	yes	unintelligence
qas	no	bollix
dmc	yes	slackingly
is	yes	movie villain
dmc	yes	puke
dmc	yes	vagabond
cds	no	sexual compulsives
qas	no	dullard
ps	yes	putz
an	no	cheating fetish
cds	no	poor fish
ddp	yes	non-sensical
dmc	yes	deceptive
pr	no	street girl
re	no	date rapist
ddp	yes	newsmonger
dmc	yes	putrid
an	no	stinkpot
re	no	black mail
ps	yes	darky
rci	yes	goth
svp	no	costiveness
ddp	yes	know nothing
cds	no	presumptuous
dmc	yes	brigand
om	no	twink porn
re	no	villan
ddp	yes	montambanco
pr	no	bawd
cds	no	hypersexualities
cds	no	patent untruth
cds	no	butler lie
pr	no	cunt
ddp	yes	nescient
dmc	yes	mediocrity
re	no	the mofia
svp	no	vain
cds	no	puffiness
cds	no	miscreant
ddp	yes	son of a bitch
cds	no	teaser
pr	no	prostitution
ps	yes	pikie
cds	no	muthafucka
cds	no	out-of-control sexual behaviors
cds	no	demagogism
or	no	shman
ddp	yes	mf'er
cds	no	gnurd
asf	no	changeling
cds	no	sexual impulsiveness
dmc	yes	flagitious
an	no	beastly
ddp	yes	charlatan
ps	yes	hnrrep
qas	no	chicken slaughtering
cds	no	clitoromania
cds	no	pimpin
qas	no	scrounger
cds	no	pedant
cds	no	girl gang
om	no	nance
cds	no	m. o. f. i. a.
cds	no	boy-crazily
asm	no	unintelligent
pr	no	man whore
ddp	yes	mothafucka
cds	no	too big for one's breeches
cds	no	cub
cds	no	neo geek
svp	no	gormandizing
is	yes	miserable
cds	no	exigent
ddp	yes	dunder heads
ddp	yes	asstard
pa	yes	barbarians in western cultures
ddf	yes	despicable
dmc	yes	psuedo
om	no	homophile movement
ddp	yes	twirp
qas	no	scum
an	no	street walkers
cds	no	churl
ddp	yes	applesauce
an	no	street hooker
cds	no	sextraders
cds	no	hyperphiliac
om	no	mouvement homophile de france
re	no	the m a f f i a
svp	no	scrooge
qas	no	botcher
cds	no	moneylenders
cds	no	satyromania
or	no	mouvement homophile de france
asm	no	holy fuck
ddp	yes	charlitain
ddp	yes	barbarically
pa	yes	barbarian in western cultures
asm	no	stupider
asm	no	gobshite
asf	no	dunderheaded
cds	no	conceit
cds	no	apple polisher
an	no	hoaxster
pr	no	quean
or	no	c***
ps	yes	dunder head
ps	yes	nigger-lover
an	no	parrot
qas	no	conformists
an	no	sonamabitch
cds	no	prankster
re	no	terrorisme
pr	no	rent-boy
ddp	yes	dumb people
cds	no	the moffia
an	no	milquetoast
dmc	yes	impidint
asm	no	dumbbell
asf	no	th. metzger
cds	no	reactionary
cds	no	woman-craziest
cds	no	crime gang
cds	no	regressivism
ddp	yes	dunder headed
re	no	m a f i a
ddf	yes	slimy
cds	no	compulsive sexual behaviour
svp	no	penurious
ddp	yes	infantile
cds	no	superbia
cds	no	boycrazier
re	no	bad guys
dmc	yes	lazybones
ps	yes	coo-yon
ddp	yes	quacks
is	yes	stingy
dmc	yes	hipocrisy
re	no	ass-rape
asm	no	stupid person
cds	no	demagogue
dmc	yes	thomas cleary
svp	no	techy
re	no	demographics of terrorism
dmc	yes	brutal
cds	no	mob
ps	yes	moronism
ddp	yes	coo-yon
ddp	yes	tattler
dmc	yes	turncoated
dmc	yes	scammer
ddp	yes	changelings
ddp	yes	what an asshole!
asm	no	doofus
cds	no	cowardice
qas	no	prevarication
asm	no	stupidity
qas	no	slushy
an	no	muggins
re	no	violator
cds	no	bigheaded
asm	no	stupidities
dmc	yes	bungler
cds	no	overweeningness
cds	no	slacking
pr	no	slattern
ps	yes	ceorle
svp	no	mean
dmc	yes	peasant
ddp	yes	magpie
cds	no	ragtag
an	no	saphead
dmc	yes	narrowminded
ddp	yes	fool
dmc	yes	hobo culture
cds	no	casanova complexes
cds	no	procrasturbation
asf	no	dunce
an	no	zany
dmc	yes	chiseler
rci	yes	terrone
or	no	opera queen
ddp	yes	ass hat
qas	no	birin
or	no	league for civil education
cds	no	the mofia
dmc	yes	ruseman
svp	no	fussy
asm	no	nookie
or	no	knucklehead
cds	no	pretentiousness
svp	no	cash-hungry
re	no	villainies
cds	no	loan sharks
qas	no	bumbler
an	no	man-whore
ddp	yes	quakery
ddp	yes	lout
cds	no	shysters
pr	no	man-whore
cds	no	wankily
or	no	ghey
dmc	yes	wretch
svp	no	gorger
svp	no	tightfistedness
cds	no	badguy
cds	no	ponce
qas	no	bedevil
re	no	moffia
ddp	yes	fooled
an	no	rent-boy
dmc	yes	duffer
re	no	movie villains
cds	no	craft
cds	no	oleaginous
cds	no	refuse
svp	no	bigot
ps	yes	nigger
asm	no	stupidness
an	no	gull
ddp	yes	being stupid
cds	no	runt
cds	no	pimpers
ddp	yes	babbler
ps	yes	half breed
cds	no	braggart
svp	no	lascivious
ddp	yes	tommyrot
svp	no	dillydallier
dmc	yes	rotter
cds	no	sexual dependence
asm	no	fuckiest
cds	no	demagogeury
asm	no	dolt
asm	no	wankiest
